PRAGMA foreign_keys=OFF;
BEGIN TRANSACTION;
CREATE TABLE IF NOT EXISTS "migrations" ("id" integer PRIMARY KEY AUTOINCREMENT NOT NULL, "timestamp" bigint NOT NULL, "name" varchar NOT NULL);
INSERT INTO migrations VALUES(1,1588102412422,'InitialMigration1588102412422');
INSERT INTO migrations VALUES(2,1592445003908,'WebhookModel1592445003908');
INSERT INTO migrations VALUES(3,1594825041918,'CreateIndexStoppedAt1594825041918');
INSERT INTO migrations VALUES(4,1607431743769,'MakeStoppedAtNullable1607431743769');
INSERT INTO migrations VALUES(5,1611071044839,'AddWebhookId1611071044839');
INSERT INTO migrations VALUES(6,1617213344594,'CreateTagEntity1617213344594');
INSERT INTO migrations VALUES(7,1620821879465,'UniqueWorkflowNames1620821879465');
INSERT INTO migrations VALUES(8,1621707690587,'AddWaitColumn1621707690587');
INSERT INTO migrations VALUES(9,1630330987096,'UpdateWorkflowCredentials1630330987096');
INSERT INTO migrations VALUES(10,1644421939510,'AddExecutionEntityIndexes1644421939510');
INSERT INTO migrations VALUES(11,1646992772331,'CreateUserManagement1646992772331');
INSERT INTO migrations VALUES(12,1648740597343,'LowerCaseUserEmail1648740597343');
INSERT INTO migrations VALUES(13,1652254514001,'CommunityNodes1652254514001');
INSERT INTO migrations VALUES(14,1652367743993,'AddUserSettings1652367743993');
INSERT INTO migrations VALUES(15,1652905585850,'AddAPIKeyColumn1652905585850');
INSERT INTO migrations VALUES(16,1654089251344,'IntroducePinData1654089251344');
INSERT INTO migrations VALUES(17,1658930531669,'AddNodeIds1658930531669');
INSERT INTO migrations VALUES(18,1659888469333,'AddJsonKeyPinData1659888469333');
INSERT INTO migrations VALUES(19,1660062385367,'CreateCredentialsUserRole1660062385367');
INSERT INTO migrations VALUES(20,1663755770892,'CreateWorkflowsEditorRole1663755770892');
INSERT INTO migrations VALUES(21,1664196174000,'WorkflowStatistics1664196174000');
INSERT INTO migrations VALUES(22,1665484192211,'CreateCredentialUsageTable1665484192211');
INSERT INTO migrations VALUES(23,1665754637024,'RemoveCredentialUsageTable1665754637024');
INSERT INTO migrations VALUES(24,1669739707124,'AddWorkflowVersionIdColumn1669739707124');
INSERT INTO migrations VALUES(25,1669823906993,'AddTriggerCountColumn1669823906993');
INSERT INTO migrations VALUES(26,1671535397530,'MessageEventBusDestinations1671535397530');
INSERT INTO migrations VALUES(27,1671726148419,'RemoveWorkflowDataLoadedFlag1671726148419');
INSERT INTO migrations VALUES(28,1673268682475,'DeleteExecutionsWithWorkflows1673268682475');
INSERT INTO migrations VALUES(29,1674138566000,'AddStatusToExecutions1674138566000');
INSERT INTO migrations VALUES(30,1674509946020,'CreateLdapEntities1674509946020');
INSERT INTO migrations VALUES(31,1675940580449,'PurgeInvalidWorkflowConnections1675940580449');
INSERT INTO migrations VALUES(32,1676996103000,'MigrateExecutionStatus1676996103000');
INSERT INTO migrations VALUES(33,1677237073720,'UpdateRunningExecutionStatus1677237073720');
INSERT INTO migrations VALUES(34,1677501636752,'CreateVariables1677501636752');
INSERT INTO migrations VALUES(35,1679416281777,'CreateExecutionMetadataTable1679416281777');
INSERT INTO migrations VALUES(36,1681134145996,'AddUserActivatedProperty1681134145996');
INSERT INTO migrations VALUES(37,1681134145997,'RemoveSkipOwnerSetup1681134145997');
INSERT INTO migrations VALUES(38,1690000000002,'MigrateIntegerKeysToString1690000000002');
INSERT INTO migrations VALUES(39,1690000000010,'SeparateExecutionData1690000000010');
INSERT INTO migrations VALUES(40,1690000000020,'FixMissingIndicesFromStringIdMigration1690000000020');
INSERT INTO migrations VALUES(41,1690000000030,'RemoveResetPasswordColumns1690000000030');
INSERT INTO migrations VALUES(42,1690000000030,'AddMfaColumns1690000000030');
INSERT INTO migrations VALUES(43,1691088862123,'CreateWorkflowNameIndex1691088862123');
INSERT INTO migrations VALUES(44,1692967111175,'CreateWorkflowHistoryTable1692967111175');
INSERT INTO migrations VALUES(45,1693491613982,'ExecutionSoftDelete1693491613982');
INSERT INTO migrations VALUES(46,1693554410387,'DisallowOrphanExecutions1693554410387');
INSERT INTO migrations VALUES(47,1695128658538,'AddWorkflowMetadata1695128658538');
INSERT INTO migrations VALUES(48,1695829275184,'ModifyWorkflowHistoryNodesAndConnections1695829275184');
INSERT INTO migrations VALUES(49,1700571993961,'AddGlobalAdminRole1700571993961');
INSERT INTO migrations VALUES(50,1705429061930,'DropRoleMapping1705429061930');
INSERT INTO migrations VALUES(51,1711018413374,'RemoveFailedExecutionStatus1711018413374');
INSERT INTO migrations VALUES(52,1711390882123,'MoveSshKeysToDatabase1711390882123');
INSERT INTO migrations VALUES(53,1712044305787,'RemoveNodesAccess1712044305787');
INSERT INTO migrations VALUES(54,1714133768519,'CreateProject1714133768519');
INSERT INTO migrations VALUES(55,1714133768521,'MakeExecutionStatusNonNullable1714133768521');
INSERT INTO migrations VALUES(56,1717498465931,'AddActivatedAtUserSetting1717498465931');
INSERT INTO migrations VALUES(57,1720101653148,'AddConstraintToExecutionMetadata1720101653148');
INSERT INTO migrations VALUES(58,1723627610222,'CreateInvalidAuthTokenTable1723627610222');
INSERT INTO migrations VALUES(59,1723796243146,'RefactorExecutionIndices1723796243146');
INSERT INTO migrations VALUES(60,1724753530828,'CreateAnnotationTables1724753530828');
INSERT INTO migrations VALUES(61,1724951148974,'AddApiKeysTable1724951148974');
INSERT INTO migrations VALUES(62,1726606152711,'CreateProcessedDataTable1726606152711');
INSERT INTO migrations VALUES(63,1727427440136,'SeparateExecutionCreationFromStart1727427440136');
INSERT INTO migrations VALUES(64,1728659839644,'AddMissingPrimaryKeyOnAnnotationTagMapping1728659839644');
INSERT INTO migrations VALUES(65,1729607673464,'UpdateProcessedDataValueColumnToText1729607673464');
INSERT INTO migrations VALUES(66,1729607673469,'AddProjectIcons1729607673469');
INSERT INTO migrations VALUES(67,1730386903556,'CreateTestDefinitionTable1730386903556');
INSERT INTO migrations VALUES(68,1731404028106,'AddDescriptionToTestDefinition1731404028106');
INSERT INTO migrations VALUES(69,1731582748663,'MigrateTestDefinitionKeyToString1731582748663');
INSERT INTO migrations VALUES(70,1732271325258,'CreateTestMetricTable1732271325258');
INSERT INTO migrations VALUES(71,1732549866705,'CreateTestRun1732549866705');
INSERT INTO migrations VALUES(72,1733133775640,'AddMockedNodesColumnToTestDefinition1733133775640');
INSERT INTO migrations VALUES(73,1734479635324,'AddManagedColumnToCredentialsTable1734479635324');
INSERT INTO migrations VALUES(74,1736172058779,'AddStatsColumnsToTestRun1736172058779');
INSERT INTO migrations VALUES(75,1736947513045,'CreateTestCaseExecutionTable1736947513045');
INSERT INTO migrations VALUES(76,1737715421462,'AddErrorColumnsToTestRuns1737715421462');
INSERT INTO migrations VALUES(77,1738709609940,'CreateFolderTable1738709609940');
INSERT INTO migrations VALUES(78,1739549398681,'CreateAnalyticsTables1739549398681');
INSERT INTO migrations VALUES(79,1740445074052,'UpdateParentFolderIdColumn1740445074052');
INSERT INTO migrations VALUES(80,1741167584277,'RenameAnalyticsToInsights1741167584277');
INSERT INTO migrations VALUES(81,1742918400000,'AddScopesColumnToApiKeys1742918400000');
INSERT INTO migrations VALUES(82,1745322634000,'ClearEvaluation1745322634000');
INSERT INTO migrations VALUES(83,1745587087521,'AddWorkflowStatisticsRootCount1745587087521');
INSERT INTO migrations VALUES(84,1745934666076,'AddWorkflowArchivedColumn1745934666076');
INSERT INTO migrations VALUES(85,1745934666077,'DropRoleTable1745934666077');
INSERT INTO migrations VALUES(86,1747824239000,'AddProjectDescriptionColumn1747824239000');
INSERT INTO migrations VALUES(87,1750252139166,'AddLastActiveAtColumnToUser1750252139166');
INSERT INTO migrations VALUES(88,1750252139166,'AddScopeTables1750252139166');
INSERT INTO migrations VALUES(89,1750252139167,'AddRolesTables1750252139167');
INSERT INTO migrations VALUES(90,1750252139168,'LinkRoleToUserTable1750252139168');
INSERT INTO migrations VALUES(91,1750252139170,'RemoveOldRoleColumn1750252139170');
INSERT INTO migrations VALUES(92,1752669793000,'AddInputsOutputsToTestCaseExecution1752669793000');
INSERT INTO migrations VALUES(93,1753953244168,'LinkRoleToProjectRelationTable1753953244168');
INSERT INTO migrations VALUES(94,1754475614601,'CreateDataStoreTables1754475614601');
INSERT INTO migrations VALUES(95,1754475614602,'ReplaceDataStoreTablesWithDataTables1754475614602');
INSERT INTO migrations VALUES(96,1756906557570,'AddTimestampsToRoleAndRoleIndexes1756906557570');
INSERT INTO migrations VALUES(97,1758731786132,'AddAudienceColumnToApiKeys1758731786132');
INSERT INTO migrations VALUES(98,1758794506893,'AddProjectIdToVariableTable1758794506893');
CREATE TABLE IF NOT EXISTS "settings" ("key"	TEXT NOT NULL,"value"	TEXT NOT NULL DEFAULT '',"loadOnStartup"	boolean NOT NULL default false,PRIMARY KEY("key"));
INSERT INTO settings VALUES('userManagement.isInstanceOwnerSetUp','true',1);
INSERT INTO settings VALUES('ui.banners.dismissed','["V1"]',1);
INSERT INTO settings VALUES('features.ldap','{"loginEnabled":false,"loginLabel":"","connectionUrl":"","allowUnauthorizedCerts":false,"connectionSecurity":"none","connectionPort":389,"baseDn":"","bindingAdminDn":"","bindingAdminPassword":"","firstNameAttribute":"","lastNameAttribute":"","emailAttribute":"","loginIdAttribute":"","ldapIdAttribute":"","userFilter":"","synchronizationEnabled":false,"synchronizationInterval":60,"searchPageSize":0,"searchTimeout":60}',1);
INSERT INTO settings VALUES('userManagement.authenticationMethod','email',1);
INSERT INTO settings VALUES('features.sourceControl.sshKeys','{"encryptedPrivateKey":"U2FsdGVkX1/6kKH4rx+MfXkPfuWVMRPKr24IpKPa0KJsxMBF4Cdv15ZtmldZQRIAIio8P6DZDRuz3xkTL0fpZjd922mM3QVTeJqK/ipNg42NdrI7tQs4OkCa348as7zu+tXVtOgcyiVFDWrQyDMCdZ/eFdnpSahZbkrl3cA9QjJNGwQYWRjSqUm/ckMQLlEdt/toDr6Vb+CtlxWgtL68q/XjOc57zmSzfUPII0xFWf17gvmFERHyPMX9WivkXVVzPurviuEZuzxbKcsCx5o71gm69HwFCrJJLWA24nCLZKsqmU/+zvRjz7vxRgLVfnQrZQrZIS7n4VFUyh5cgx5KCFLdkn+wpUJzaHoG80NLHzv8lhdoc7dIPze78uzu1e5dt/37j7FmJ8L2VQw37nWmtn0ZFmz4R+NymEkGaHVABkJOVAWAnK+0mJpS60mQwoljpOdBHI4H4WxjWbXQfZ+q5fgOuw/op1CLI4z7dD83SH5bX3uyevod5voGhieywrLWLZydEGx6+pkyCCuaa2Krs7+ftcCQBkIxtZ6Or5oO7auYjyn9LCZcGc7SidIoHC6h","publicKey":"ssh-ed25519 AAAAC3NzaC1lZDI1NTE5AAAAIIA70LutAsHpRuktXRSpjZRWXL14KNALcS2t1JtLp4BG n8n deploy key"}',1);
INSERT INTO settings VALUES('features.sourceControl','{"branchName":"main","connectionType":"ssh","keyGeneratorType":"ed25519"}',1);
CREATE TABLE IF NOT EXISTS "installed_packages" ("packageName"	char(214) NOT NULL,"installedVersion"	char(50) NOT NULL,"authorName"	char(70) NULL,"authorEmail"	char(70) NULL,"createdAt"	datetime(3) NOT NULL DEFAULT 'STRFTIME(''%Y-%m-%d %H:%M:%f'', ''NOW'')',"updatedAt"	datetime(3) NOT NULL DEFAULT 'STRFTIME(''%Y-%m-%d %H:%M:%f'', ''NOW'')',PRIMARY KEY("packageName"));
CREATE TABLE IF NOT EXISTS "installed_nodes" ("name"	char(200) NOT NULL,"type"	char(200) NOT NULL,"latestVersion"	INTEGER DEFAULT 1,"package"	char(214) NOT NULL,PRIMARY KEY("name"),FOREIGN KEY("package") REFERENCES "installed_packages"("packageName") ON DELETE CASCADE ON UPDATE CASCADE);
CREATE TABLE IF NOT EXISTS "event_destinations" ("id"	varchar(36) PRIMARY KEY NOT NULL,"destination" text NOT NULL,"createdAt"	datetime(3) NOT NULL DEFAULT 'STRFTIME(''%Y-%m-%d %H:%M:%f'', ''NOW'')',"updatedAt"	datetime(3) NOT NULL DEFAULT 'STRFTIME(''%Y-%m-%d %H:%M:%f'', ''NOW'')');
CREATE TABLE IF NOT EXISTS "auth_identity" (
				"userId" VARCHAR(36) REFERENCES "user" (id),
				"providerId" VARCHAR(64) NOT NULL,
				"providerType" VARCHAR(32) NOT NULL,
				"createdAt" timestamp NOT NULL DEFAULT CURRENT_TIMESTAMP,
				"updatedAt" timestamp NOT NULL DEFAULT CURRENT_TIMESTAMP,
				PRIMARY KEY("providerId", "providerType")
			);
CREATE TABLE IF NOT EXISTS "auth_provider_sync_history" (
				"id" INTEGER PRIMARY KEY AUTOINCREMENT,
				"providerType" VARCHAR(32) NOT NULL,
				"runMode" TEXT NOT NULL,
				"status" TEXT NOT NULL,
				"startedAt" DATETIME NOT NULL,
				"endedAt" DATETIME NOT NULL,
				"scanned" INTEGER NOT NULL,
				"created" INTEGER NOT NULL,
				"updated" INTEGER NOT NULL,
				"disabled" INTEGER NOT NULL,
				"error" TEXT
				
			);
CREATE TABLE IF NOT EXISTS "tag_entity" ("id" varchar(36) PRIMARY KEY NOT NULL, "name" varchar(24) NOT NULL, "createdAt" datetime(3) NOT NULL DEFAULT (STRFTIME('%Y-%m-%d %H:%M:%f', 'NOW')), "updatedAt" datetime(3) NOT NULL DEFAULT (STRFTIME('%Y-%m-%d %H:%M:%f', 'NOW')));
CREATE TABLE IF NOT EXISTS "workflows_tags" ("workflowId" varchar(36) NOT NULL, "tagId" integer NOT NULL, CONSTRAINT "FK_workflows_tags_workflow_entity" FOREIGN KEY ("workflowId") REFERENCES "workflow_entity" ("id") ON DELETE CASCADE ON UPDATE NO ACTION, CONSTRAINT "FK_workflows_tags_tag_entity" FOREIGN KEY ("tagId") REFERENCES "tag_entity" ("id") ON DELETE CASCADE ON UPDATE NO ACTION, PRIMARY KEY ("workflowId", "tagId"));
CREATE TABLE IF NOT EXISTS "workflow_statistics" (
				"count" INTEGER DEFAULT 0,
				"latestEvent" DATETIME,
				"name" VARCHAR(128) NOT NULL,
				"workflowId" VARCHAR(36), "rootCount" INTEGER DEFAULT 0,
				PRIMARY KEY("workflowId", "name"),
				FOREIGN KEY("workflowId") REFERENCES "workflow_entity"("id") ON DELETE CASCADE
			);
INSERT INTO workflow_statistics VALUES(3,'2025-10-19 02:00:52','production_error','55ea7b83-0438-481f-9611-7c425cb728a8',3);
CREATE TABLE IF NOT EXISTS "webhook_entity" ("workflowId" varchar(36) NOT NULL, "webhookPath" varchar NOT NULL, "method" varchar NOT NULL, "node" varchar NOT NULL, "webhookId" varchar, "pathLength" integer, PRIMARY KEY ("webhookPath", "method"));
INSERT INTO webhook_entity VALUES('9a62c9e0-eb69-47dd-ba8a-f92ce1149044','9a62c9e0-eb69-47dd-ba8a-f92ce1149044/webhook%20-%20staging/staging-deployment','POST','Webhook - Staging',NULL,NULL);
INSERT INTO webhook_entity VALUES('9a62c9e0-eb69-47dd-ba8a-f92ce1149044','9a62c9e0-eb69-47dd-ba8a-f92ce1149044/webhook%20-%20production/production-deployment','POST','Webhook - Production',NULL,NULL);
CREATE TABLE IF NOT EXISTS "execution_data" (
				"executionId" int PRIMARY KEY NOT NULL,
				"workflowData" text NOT NULL,
				"data" text NOT NULL,
				FOREIGN KEY("executionId") REFERENCES "execution_entity" ("id") ON DELETE CASCADE
			);
INSERT INTO execution_data VALUES(1,'{"id":"55ea7b83-0438-481f-9611-7c425cb728a8","name":"Production Monitoring & Alerts","active":true,"isArchived":false,"createdAt":"2025-10-19T01:45:35.000Z","updatedAt":"2025-10-19T01:45:35.000Z","nodes":[{"parameters":{"notice":"","rule":{"interval":[{"field":"minutes","minutesInterval":5}]}},"name":"Schedule - Every 5 Minutes","type":"n8n-nodes-base.scheduleTrigger","typeVersion":1,"position":[250,300]},{"parameters":{"preBuiltAgentsCalloutHttpRequest":"","curlImport":"","method":"GET","url":"https://svlentes.shop/api/health-check","authentication":"none","provideSslCertificates":false,"sendQuery":false,"sendHeaders":false,"sendBody":false,"options":{},"infoMessage":""},"name":"Health Check","type":"n8n-nodes-base.httpRequest","typeVersion":3,"position":[450,300]}],"connections":{"Schedule - Every 5 Minutes":{"main":[[{"node":"Health Check","type":"main","index":0}]]}},"settings":{},"staticData":null,"pinData":null}','[{"resultData":"1"},{"error":"2","runData":"3"},{"criteria":"4","message":"5","stack":"6"},{},{"where":"7","relations":"8"},"Could not find any entity of type \"SharedWorkflow\" matching: {\n    \"where\": {\n        \"workflowId\": \"55ea7b83-0438-481f-9611-7c425cb728a8\",\n        \"role\": \"workflow:owner\"\n    },\n    \"relations\": [\n        \"project\"\n    ]\n}","EntityNotFoundError: Could not find any entity of type \"SharedWorkflow\" matching: {\n    \"where\": {\n        \"workflowId\": \"55ea7b83-0438-481f-9611-7c425cb728a8\",\n        \"role\": \"workflow:owner\"\n    },\n    \"relations\": [\n        \"project\"\n    ]\n}\n    at /usr/local/lib/node_modules/n8n/node_modules/.pnpm/@n8n+typeorm@0.3.20-12_@sentry+node@9.42.1_ioredis@5.3.2_mongodb@6.11.0_@aws-sdk+creden_37ac6c08b03c56203e0dcc946ec8dafb/node_modules/src/entity-manager/EntityManager.ts:1274:25\n    at OwnershipService.getWorkflowProjectCached (/usr/local/lib/node_modules/n8n/src/services/ownership.service.ts:85:26)\n    at CredentialsPermissionChecker.check (/usr/local/lib/node_modules/n8n/src/executions/pre-execution-checks/credentials-permission-checker.ts:45:23)\n    at WorkflowRunner.run (/usr/local/lib/node_modules/n8n/src/workflow-runner.ts:153:4)\n    at WorkflowExecutionService.runWorkflow (/usr/local/lib/node_modules/n8n/src/workflows/workflow-execution.service.ts:87:10)",{"workflowId":"9","role":"10"},["11"],"55ea7b83-0438-481f-9611-7c425cb728a8","workflow:owner","project"]');
INSERT INTO execution_data VALUES(2,'{"id":"55ea7b83-0438-481f-9611-7c425cb728a8","name":"Production Monitoring & Alerts","active":true,"isArchived":false,"createdAt":"2025-10-19T01:45:35.000Z","updatedAt":"2025-10-19T01:45:35.000Z","nodes":[{"parameters":{"notice":"","rule":{"interval":[{"field":"minutes","minutesInterval":5}]}},"name":"Schedule - Every 5 Minutes","type":"n8n-nodes-base.scheduleTrigger","typeVersion":1,"position":[250,300]},{"parameters":{"preBuiltAgentsCalloutHttpRequest":"","curlImport":"","method":"GET","url":"https://svlentes.shop/api/health-check","authentication":"none","provideSslCertificates":false,"sendQuery":false,"sendHeaders":false,"sendBody":false,"options":{},"infoMessage":""},"name":"Health Check","type":"n8n-nodes-base.httpRequest","typeVersion":3,"position":[450,300]}],"connections":{"Schedule - Every 5 Minutes":{"main":[[{"node":"Health Check","type":"main","index":0}]]}},"settings":{},"staticData":null,"pinData":null}','[{"resultData":"1"},{"error":"2","runData":"3"},{"criteria":"4","message":"5","stack":"6"},{},{"where":"7","relations":"8"},"Could not find any entity of type \"SharedWorkflow\" matching: {\n    \"where\": {\n        \"workflowId\": \"55ea7b83-0438-481f-9611-7c425cb728a8\",\n        \"role\": \"workflow:owner\"\n    },\n    \"relations\": [\n        \"project\"\n    ]\n}","EntityNotFoundError: Could not find any entity of type \"SharedWorkflow\" matching: {\n    \"where\": {\n        \"workflowId\": \"55ea7b83-0438-481f-9611-7c425cb728a8\",\n        \"role\": \"workflow:owner\"\n    },\n    \"relations\": [\n        \"project\"\n    ]\n}\n    at /usr/local/lib/node_modules/n8n/node_modules/.pnpm/@n8n+typeorm@0.3.20-12_@sentry+node@9.42.1_ioredis@5.3.2_mongodb@6.11.0_@aws-sdk+creden_37ac6c08b03c56203e0dcc946ec8dafb/node_modules/src/entity-manager/EntityManager.ts:1274:25\n    at OwnershipService.getWorkflowProjectCached (/usr/local/lib/node_modules/n8n/src/services/ownership.service.ts:85:26)\n    at CredentialsPermissionChecker.check (/usr/local/lib/node_modules/n8n/src/executions/pre-execution-checks/credentials-permission-checker.ts:45:23)\n    at WorkflowRunner.run (/usr/local/lib/node_modules/n8n/src/workflow-runner.ts:153:4)\n    at WorkflowExecutionService.runWorkflow (/usr/local/lib/node_modules/n8n/src/workflows/workflow-execution.service.ts:87:10)",{"workflowId":"9","role":"10"},["11"],"55ea7b83-0438-481f-9611-7c425cb728a8","workflow:owner","project"]');
INSERT INTO execution_data VALUES(3,'{"id":"55ea7b83-0438-481f-9611-7c425cb728a8","name":"Production Monitoring & Alerts","active":true,"isArchived":false,"createdAt":"2025-10-19T01:45:35.000Z","updatedAt":"2025-10-19T01:45:35.000Z","nodes":[{"parameters":{"notice":"","rule":{"interval":[{"field":"minutes","minutesInterval":5}]}},"name":"Schedule - Every 5 Minutes","type":"n8n-nodes-base.scheduleTrigger","typeVersion":1,"position":[250,300]},{"parameters":{"preBuiltAgentsCalloutHttpRequest":"","curlImport":"","method":"GET","url":"https://svlentes.shop/api/health-check","authentication":"none","provideSslCertificates":false,"sendQuery":false,"sendHeaders":false,"sendBody":false,"options":{},"infoMessage":""},"name":"Health Check","type":"n8n-nodes-base.httpRequest","typeVersion":3,"position":[450,300]}],"connections":{"Schedule - Every 5 Minutes":{"main":[[{"node":"Health Check","type":"main","index":0}]]}},"settings":{},"staticData":null,"pinData":null}','[{"resultData":"1"},{"error":"2","runData":"3"},{"criteria":"4","message":"5","stack":"6"},{},{"where":"7","relations":"8"},"Could not find any entity of type \"SharedWorkflow\" matching: {\n    \"where\": {\n        \"workflowId\": \"55ea7b83-0438-481f-9611-7c425cb728a8\",\n        \"role\": \"workflow:owner\"\n    },\n    \"relations\": [\n        \"project\"\n    ]\n}","EntityNotFoundError: Could not find any entity of type \"SharedWorkflow\" matching: {\n    \"where\": {\n        \"workflowId\": \"55ea7b83-0438-481f-9611-7c425cb728a8\",\n        \"role\": \"workflow:owner\"\n    },\n    \"relations\": [\n        \"project\"\n    ]\n}\n    at /usr/local/lib/node_modules/n8n/node_modules/.pnpm/@n8n+typeorm@0.3.20-12_@sentry+node@9.42.1_ioredis@5.3.2_mongodb@6.11.0_@aws-sdk+creden_37ac6c08b03c56203e0dcc946ec8dafb/node_modules/src/entity-manager/EntityManager.ts:1274:25\n    at OwnershipService.getWorkflowProjectCached (/usr/local/lib/node_modules/n8n/src/services/ownership.service.ts:85:26)\n    at CredentialsPermissionChecker.check (/usr/local/lib/node_modules/n8n/src/executions/pre-execution-checks/credentials-permission-checker.ts:45:23)\n    at WorkflowRunner.run (/usr/local/lib/node_modules/n8n/src/workflow-runner.ts:153:4)\n    at WorkflowExecutionService.runWorkflow (/usr/local/lib/node_modules/n8n/src/workflows/workflow-execution.service.ts:87:10)",{"workflowId":"9","role":"10"},["11"],"55ea7b83-0438-481f-9611-7c425cb728a8","workflow:owner","project"]');
CREATE TABLE IF NOT EXISTS "workflow_history" ("versionId" varchar(36) PRIMARY KEY NOT NULL, "workflowId" varchar(36) NOT NULL, "authors" varchar(255) NOT NULL, "createdAt" datetime(3) NOT NULL DEFAULT (STRFTIME('%Y-%m-%d %H:%M:%f', 'NOW')), "updatedAt" datetime(3) NOT NULL DEFAULT (STRFTIME('%Y-%m-%d %H:%M:%f', 'NOW')), "nodes" text NOT NULL, "connections" text NOT NULL, CONSTRAINT "FK_1e31657f5fe46816c34be7c1b4b" FOREIGN KEY ("workflowId") REFERENCES "workflow_entity" ("id") ON DELETE CASCADE ON UPDATE NO ACTION);
CREATE TABLE IF NOT EXISTS "credentials_entity" ("id" varchar(36) PRIMARY KEY NOT NULL, "name" varchar(128) NOT NULL, "data" text NOT NULL, "type" varchar(32) NOT NULL, "createdAt" datetime(3) NOT NULL DEFAULT (STRFTIME('%Y-%m-%d %H:%M:%f', 'NOW')), "updatedAt" datetime(3) NOT NULL DEFAULT (STRFTIME('%Y-%m-%d %H:%M:%f', 'NOW')), "isManaged" BOOLEAN NOT NULL DEFAULT 0);
INSERT INTO credentials_entity VALUES('QW2CmqYDfnO9tv9L','GitHub account','U2FsdGVkX19bIim1Pa/g6HaLhf6r1EV9TCv99QJt5yKUIMCY1kPE/HAp+oBNvKzwyTa9hMOrCcQCpvCO8TDP4ar/XdklOP4FM+hKOFQUCivxLtBh97e4tfxYqcmyfdfiGX920BvD24geDBf3SvRqAQvagRXTagkL/4XhKd6sDP5MyZUJxMVJv9ZRcAPa5piUgIRFadVcj8DaUfV+0b72Sg==','githubApi','2025-10-19 01:47:10.087','2025-10-19 01:47:10.081',0);
CREATE TABLE IF NOT EXISTS "shared_credentials" ("credentialsId" varchar(36) NOT NULL, "projectId" varchar(36) NOT NULL, "role" text NOT NULL, "createdAt" datetime(3) NOT NULL DEFAULT (STRFTIME('%Y-%m-%d %H:%M:%f', 'NOW')), "updatedAt" datetime(3) NOT NULL DEFAULT (STRFTIME('%Y-%m-%d %H:%M:%f', 'NOW')), CONSTRAINT "FK_416f66fc846c7c442970c094ccf" FOREIGN KEY ("credentialsId") REFERENCES "credentials_entity" ("id") ON DELETE CASCADE, CONSTRAINT "FK_812c2852270da1247756e77f5a4" FOREIGN KEY ("projectId") REFERENCES "project" ("id") ON DELETE CASCADE, PRIMARY KEY ("credentialsId", "projectId"));
INSERT INTO shared_credentials VALUES('QW2CmqYDfnO9tv9L','UWMtTu4KEri8APfU','credential:owner','2025-10-19 01:47:10.093','2025-10-19 01:47:10.093');
CREATE TABLE IF NOT EXISTS "shared_workflow" ("workflowId" varchar(36) NOT NULL, "projectId" varchar(36) NOT NULL, "role" text NOT NULL, "createdAt" datetime(3) NOT NULL DEFAULT (STRFTIME('%Y-%m-%d %H:%M:%f', 'NOW')), "updatedAt" datetime(3) NOT NULL DEFAULT (STRFTIME('%Y-%m-%d %H:%M:%f', 'NOW')), CONSTRAINT "FK_daa206a04983d47d0a9c34649ce" FOREIGN KEY ("workflowId") REFERENCES "workflow_entity" ("id") ON DELETE CASCADE, CONSTRAINT "FK_a45ea5f27bcfdc21af9b4188560" FOREIGN KEY ("projectId") REFERENCES "project" ("id") ON DELETE CASCADE, PRIMARY KEY ("workflowId", "projectId"));
INSERT INTO shared_workflow VALUES('OZgfibiMspADvuIz','UWMtTu4KEri8APfU','workflow:owner','2025-10-19 01:47:58.859','2025-10-19 01:47:58.859');
CREATE TABLE IF NOT EXISTS "execution_metadata" ("id" integer PRIMARY KEY AUTOINCREMENT NOT NULL, "executionId" integer NOT NULL, "key" varchar(255) NOT NULL, "value" text NOT NULL, CONSTRAINT "FK_31d0b4c93fb85ced26f6005cda3" FOREIGN KEY ("executionId") REFERENCES "execution_entity" ("id") ON DELETE CASCADE);
CREATE TABLE IF NOT EXISTS "invalid_auth_token" ("token" varchar(512) PRIMARY KEY NOT NULL, "expiresAt" datetime(3) NOT NULL);
CREATE TABLE IF NOT EXISTS "execution_annotations" ("id" integer PRIMARY KEY AUTOINCREMENT NOT NULL, "executionId" integer NOT NULL, "vote" varchar(6), "note" text, "createdAt" datetime(3) NOT NULL DEFAULT (STRFTIME('%Y-%m-%d %H:%M:%f', 'NOW')), "updatedAt" datetime(3) NOT NULL DEFAULT (STRFTIME('%Y-%m-%d %H:%M:%f', 'NOW')), CONSTRAINT "FK_97f863fa83c4786f19565084960" FOREIGN KEY ("executionId") REFERENCES "execution_entity" ("id") ON DELETE CASCADE);
CREATE TABLE IF NOT EXISTS "annotation_tag_entity" ("id" varchar(16) PRIMARY KEY NOT NULL, "name" varchar(24) NOT NULL, "createdAt" datetime(3) NOT NULL DEFAULT (STRFTIME('%Y-%m-%d %H:%M:%f', 'NOW')), "updatedAt" datetime(3) NOT NULL DEFAULT (STRFTIME('%Y-%m-%d %H:%M:%f', 'NOW')));
CREATE TABLE IF NOT EXISTS "execution_annotation_tags" ("annotationId" integer NOT NULL, "tagId" varchar(24) NOT NULL, CONSTRAINT "FK_c1519757391996eb06064f0e7c8" FOREIGN KEY ("annotationId") REFERENCES "execution_annotations" ("id") ON DELETE CASCADE, CONSTRAINT "FK_a3697779b366e131b2bbdae2976" FOREIGN KEY ("tagId") REFERENCES "annotation_tag_entity" ("id") ON DELETE CASCADE, PRIMARY KEY ("annotationId", "tagId"));
CREATE TABLE IF NOT EXISTS "execution_entity" ("id" integer PRIMARY KEY AUTOINCREMENT NOT NULL, "workflowId" varchar(36) NOT NULL, "finished" boolean NOT NULL, "mode" varchar NOT NULL, "retryOf" varchar, "retrySuccessId" varchar, "startedAt" datetime, "stoppedAt" datetime, "waitTill" datetime, "status" varchar NOT NULL, "deletedAt" datetime(3), "createdAt" datetime(3) NOT NULL DEFAULT (STRFTIME('%Y-%m-%d %H:%M:%f', 'NOW')), CONSTRAINT "FK_c4d999a5e90784e8caccf5589de" FOREIGN KEY ("workflowId") REFERENCES "workflow_entity" ("id") ON DELETE CASCADE ON UPDATE NO ACTION);
INSERT INTO execution_entity VALUES(1,'55ea7b83-0438-481f-9611-7c425cb728a8',0,'trigger',NULL,NULL,'2025-10-19 01:50:33.041','2025-10-19 01:50:33.069',NULL,'error',NULL,'2025-10-19 01:50:33.027');
INSERT INTO execution_entity VALUES(2,'55ea7b83-0438-481f-9611-7c425cb728a8',0,'trigger',NULL,NULL,'2025-10-19 01:55:52.034','2025-10-19 01:55:52.066',NULL,'error',NULL,'2025-10-19 01:55:52.021');
INSERT INTO execution_entity VALUES(3,'55ea7b83-0438-481f-9611-7c425cb728a8',0,'trigger',NULL,NULL,'2025-10-19 02:00:52.013','2025-10-19 02:00:52.018',NULL,'error',NULL,'2025-10-19 02:00:52.004');
CREATE TABLE IF NOT EXISTS "processed_data" ("workflowId" varchar(36) NOT NULL, "context" varchar(255) NOT NULL, "createdAt" datetime(3) NOT NULL DEFAULT (STRFTIME('%Y-%m-%d %H:%M:%f', 'NOW')), "updatedAt" datetime(3) NOT NULL DEFAULT (STRFTIME('%Y-%m-%d %H:%M:%f', 'NOW')), "value" text NOT NULL, CONSTRAINT "FK_06a69a7032c97a763c2c7599464" FOREIGN KEY ("workflowId") REFERENCES "workflow_entity" ("id") ON DELETE CASCADE ON UPDATE NO ACTION, PRIMARY KEY ("workflowId", "context"));
CREATE TABLE IF NOT EXISTS "project" ("id" varchar(36) PRIMARY KEY NOT NULL, "name" varchar(255) NOT NULL, "type" varchar(36) NOT NULL, "createdAt" datetime(3) NOT NULL DEFAULT (STRFTIME('%Y-%m-%d %H:%M:%f', 'NOW')), "updatedAt" datetime(3) NOT NULL DEFAULT (STRFTIME('%Y-%m-%d %H:%M:%f', 'NOW')), "icon" text, "description" VARCHAR(512));
INSERT INTO project VALUES('UWMtTu4KEri8APfU','philipe cruz <philipe_cruz@outlook.com>','personal','2025-10-19 01:26:02.308','2025-10-19 01:43:18.174',NULL,NULL);
CREATE TABLE IF NOT EXISTS "folder" ("id" varchar(36) PRIMARY KEY NOT NULL, "name" varchar(128) NOT NULL, "parentFolderId" varchar(36), "projectId" varchar(36) NOT NULL, "createdAt" datetime(3) NOT NULL DEFAULT (STRFTIME('%Y-%m-%d %H:%M:%f', 'NOW')), "updatedAt" datetime(3) NOT NULL DEFAULT (STRFTIME('%Y-%m-%d %H:%M:%f', 'NOW')), CONSTRAINT "FK_a8260b0b36939c6247f385b8221" FOREIGN KEY ("projectId") REFERENCES "project" ("id") ON DELETE CASCADE, CONSTRAINT "FK_804ea52f6729e3940498bd54d78" FOREIGN KEY ("parentFolderId") REFERENCES "folder" ("id") ON DELETE CASCADE);
CREATE TABLE IF NOT EXISTS "folder_tag" ("folderId" varchar(36) NOT NULL, "tagId" varchar(36) NOT NULL, CONSTRAINT "FK_94a60854e06f2897b2e0d39edba" FOREIGN KEY ("folderId") REFERENCES "folder" ("id") ON DELETE CASCADE, CONSTRAINT "FK_dc88164176283de80af47621746" FOREIGN KEY ("tagId") REFERENCES "tag_entity" ("id") ON DELETE CASCADE, PRIMARY KEY ("folderId", "tagId"));
CREATE TABLE IF NOT EXISTS "workflow_entity" ("id" varchar(36) PRIMARY KEY NOT NULL, "name" varchar(128) NOT NULL, "active" boolean NOT NULL, "nodes" text, "connections" text, "settings" text, "staticData" text, "pinData" text, "versionId" varchar(36), "triggerCount" integer DEFAULT (0), "meta" text, "parentFolderId" varchar(36), "createdAt" datetime(3) NOT NULL DEFAULT (STRFTIME('%Y-%m-%d %H:%M:%f', 'NOW')), "updatedAt" datetime(3) NOT NULL DEFAULT (STRFTIME('%Y-%m-%d %H:%M:%f', 'NOW')), "isArchived" BOOLEAN NOT NULL DEFAULT FALSE, CONSTRAINT "FK_04a4db5906fbc5606c71448d912" FOREIGN KEY ("parentFolderId") REFERENCES "folder" ("id") ON DELETE CASCADE);
INSERT INTO workflow_entity VALUES('9a62c9e0-eb69-47dd-ba8a-f92ce1149044','Deployment Notification Workflow',1,'[{"parameters":{"httpMethod":"POST","path":"staging-deployment","responseMode":"onReceived"},"name":"Webhook - Staging","type":"n8n-nodes-base.webhook","typeVersion":1,"position":[250,300]},{"parameters":{"httpMethod":"POST","path":"production-deployment","responseMode":"onReceived"},"name":"Webhook - Production","type":"n8n-nodes-base.webhook","typeVersion":1,"position":[250,500]}]','{"Webhook - Staging":{"main":[[{"node":"Webhook - Production","type":"main","index":0}]]}}','{}',NULL,NULL,NULL,2,NULL,NULL,'2025-10-19 01:45:35','2025-10-19 01:45:35',0);
INSERT INTO workflow_entity VALUES('55ea7b83-0438-481f-9611-7c425cb728a8','Production Monitoring & Alerts',1,'[{"parameters":{"rule":{"interval":[{"field":"minutes","minutesInterval":5}]}},"name":"Schedule - Every 5 Minutes","type":"n8n-nodes-base.scheduleTrigger","typeVersion":1,"position":[250,300]},{"parameters":{"url":"https://svlentes.shop/api/health-check"},"name":"Health Check","type":"n8n-nodes-base.httpRequest","typeVersion":3,"position":[450,300]}]','{"Schedule - Every 5 Minutes":{"main":[[{"node":"Health Check","type":"main","index":0}]]}}','{}',NULL,NULL,NULL,1,NULL,NULL,'2025-10-19 01:45:35','2025-10-19 01:45:35',0);
INSERT INTO workflow_entity VALUES('OZgfibiMspADvuIz','My workflow',0,'[{"parameters":{"owner":{"__rl":true,"value":"sudo-psc","mode":"name"},"repository":{"__rl":true,"value":"saraiva-vision-site","mode":"list","cachedResultName":"saraiva-vision-site","cachedResultUrl":"https://github.com/Sudo-psc/saraiva-vision-site"},"events":["deployment"],"options":{}},"type":"n8n-nodes-base.githubTrigger","typeVersion":1,"position":[0,0],"id":"eb962ec4-bbcb-440f-9fb1-39bfb1f232a1","name":"Github Trigger","webhookId":"5123d359-44b4-4ca7-ac22-6e8d6b2a9273","credentials":{"githubApi":{"id":"QW2CmqYDfnO9tv9L","name":"GitHub account"}}}]','{}','{"executionOrder":"v1"}',NULL,'{}','fccfe6cd-6216-4e8b-9da9-46b34b707f48',0,'{"templateCredsSetupCompleted":true}',NULL,'2025-10-19 01:47:58.856','2025-10-19 01:47:58.856',0);
CREATE TABLE IF NOT EXISTS "insights_metadata" ("metaId" integer PRIMARY KEY NOT NULL, "workflowId" varchar(16), "projectId" varchar(36), "workflowName" varchar(128) NOT NULL, "projectName" varchar(255) NOT NULL, CONSTRAINT "FK_1d8ab99d5861c9388d2dc1cf733" FOREIGN KEY ("workflowId") REFERENCES "workflow_entity" ("id") ON DELETE SET NULL, CONSTRAINT "FK_2375a1eda085adb16b24615b69c" FOREIGN KEY ("projectId") REFERENCES "project" ("id") ON DELETE SET NULL);
CREATE TABLE IF NOT EXISTS "insights_raw" ("id" integer PRIMARY KEY NOT NULL, "metaId" integer NOT NULL, "type" integer NOT NULL, "value" integer NOT NULL, "timestamp" datetime(0) NOT NULL DEFAULT (CURRENT_TIMESTAMP), CONSTRAINT "FK_6e2e33741adef2a7c5d66befa4e" FOREIGN KEY ("metaId") REFERENCES "insights_metadata" ("metaId") ON DELETE CASCADE);
CREATE TABLE IF NOT EXISTS "insights_by_period" ("id" integer PRIMARY KEY NOT NULL, "metaId" integer NOT NULL, "type" integer NOT NULL, "value" integer NOT NULL, "periodUnit" integer NOT NULL, "periodStart" datetime(0) DEFAULT (CURRENT_TIMESTAMP), CONSTRAINT "FK_6414cfed98daabbfdd61a1cfbc0" FOREIGN KEY ("metaId") REFERENCES "insights_metadata" ("metaId") ON DELETE CASCADE);
CREATE TABLE IF NOT EXISTS "test_run" ("id" varchar(36) PRIMARY KEY NOT NULL, "workflowId" varchar(36) NOT NULL, "status" varchar NOT NULL, "errorCode" varchar, "errorDetails" text, "runAt" datetime(3), "completedAt" datetime(3), "metrics" text, "createdAt" datetime(3) NOT NULL DEFAULT (STRFTIME('%Y-%m-%d %H:%M:%f', 'NOW')), "updatedAt" datetime(3) NOT NULL DEFAULT (STRFTIME('%Y-%m-%d %H:%M:%f', 'NOW')), CONSTRAINT "FK_d6870d3b6e4c185d33926f423c8" FOREIGN KEY ("workflowId") REFERENCES "workflow_entity" ("id") ON DELETE CASCADE);
CREATE TABLE IF NOT EXISTS "scope" ("slug" varchar(128) PRIMARY KEY NOT NULL, "displayName" text, "description" text);
INSERT INTO scope VALUES('annotationTag:create','Create Annotation Tag','Allows creating new annotation tags.');
INSERT INTO scope VALUES('annotationTag:read','annotationTag:read',NULL);
INSERT INTO scope VALUES('annotationTag:update','annotationTag:update',NULL);
INSERT INTO scope VALUES('annotationTag:delete','annotationTag:delete',NULL);
INSERT INTO scope VALUES('annotationTag:list','annotationTag:list',NULL);
INSERT INTO scope VALUES('annotationTag:*','annotationTag:*',NULL);
INSERT INTO scope VALUES('auditLogs:manage','auditLogs:manage',NULL);
INSERT INTO scope VALUES('auditLogs:*','auditLogs:*',NULL);
INSERT INTO scope VALUES('banner:dismiss','banner:dismiss',NULL);
INSERT INTO scope VALUES('banner:*','banner:*',NULL);
INSERT INTO scope VALUES('community:register','community:register',NULL);
INSERT INTO scope VALUES('community:*','community:*',NULL);
INSERT INTO scope VALUES('communityPackage:install','communityPackage:install',NULL);
INSERT INTO scope VALUES('communityPackage:uninstall','communityPackage:uninstall',NULL);
INSERT INTO scope VALUES('communityPackage:update','communityPackage:update',NULL);
INSERT INTO scope VALUES('communityPackage:list','communityPackage:list',NULL);
INSERT INTO scope VALUES('communityPackage:manage','communityPackage:manage',NULL);
INSERT INTO scope VALUES('communityPackage:*','communityPackage:*',NULL);
INSERT INTO scope VALUES('credential:share','credential:share',NULL);
INSERT INTO scope VALUES('credential:move','credential:move',NULL);
INSERT INTO scope VALUES('credential:create','credential:create',NULL);
INSERT INTO scope VALUES('credential:read','credential:read',NULL);
INSERT INTO scope VALUES('credential:update','credential:update',NULL);
INSERT INTO scope VALUES('credential:delete','credential:delete',NULL);
INSERT INTO scope VALUES('credential:list','credential:list',NULL);
INSERT INTO scope VALUES('credential:*','credential:*',NULL);
INSERT INTO scope VALUES('externalSecretsProvider:sync','externalSecretsProvider:sync',NULL);
INSERT INTO scope VALUES('externalSecretsProvider:create','externalSecretsProvider:create',NULL);
INSERT INTO scope VALUES('externalSecretsProvider:read','externalSecretsProvider:read',NULL);
INSERT INTO scope VALUES('externalSecretsProvider:update','externalSecretsProvider:update',NULL);
INSERT INTO scope VALUES('externalSecretsProvider:delete','externalSecretsProvider:delete',NULL);
INSERT INTO scope VALUES('externalSecretsProvider:list','externalSecretsProvider:list',NULL);
INSERT INTO scope VALUES('externalSecretsProvider:*','externalSecretsProvider:*',NULL);
INSERT INTO scope VALUES('externalSecret:list','externalSecret:list',NULL);
INSERT INTO scope VALUES('externalSecret:use','externalSecret:use',NULL);
INSERT INTO scope VALUES('externalSecret:*','externalSecret:*',NULL);
INSERT INTO scope VALUES('eventBusDestination:test','eventBusDestination:test',NULL);
INSERT INTO scope VALUES('eventBusDestination:create','eventBusDestination:create',NULL);
INSERT INTO scope VALUES('eventBusDestination:read','eventBusDestination:read',NULL);
INSERT INTO scope VALUES('eventBusDestination:update','eventBusDestination:update',NULL);
INSERT INTO scope VALUES('eventBusDestination:delete','eventBusDestination:delete',NULL);
INSERT INTO scope VALUES('eventBusDestination:list','eventBusDestination:list',NULL);
INSERT INTO scope VALUES('eventBusDestination:*','eventBusDestination:*',NULL);
INSERT INTO scope VALUES('ldap:sync','ldap:sync',NULL);
INSERT INTO scope VALUES('ldap:manage','ldap:manage',NULL);
INSERT INTO scope VALUES('ldap:*','ldap:*',NULL);
INSERT INTO scope VALUES('license:manage','license:manage',NULL);
INSERT INTO scope VALUES('license:*','license:*',NULL);
INSERT INTO scope VALUES('logStreaming:manage','logStreaming:manage',NULL);
INSERT INTO scope VALUES('logStreaming:*','logStreaming:*',NULL);
INSERT INTO scope VALUES('orchestration:read','orchestration:read',NULL);
INSERT INTO scope VALUES('orchestration:list','orchestration:list',NULL);
INSERT INTO scope VALUES('orchestration:*','orchestration:*',NULL);
INSERT INTO scope VALUES('project:create','project:create',NULL);
INSERT INTO scope VALUES('project:read','project:read',NULL);
INSERT INTO scope VALUES('project:update','project:update',NULL);
INSERT INTO scope VALUES('project:delete','project:delete',NULL);
INSERT INTO scope VALUES('project:list','project:list',NULL);
INSERT INTO scope VALUES('project:*','project:*',NULL);
INSERT INTO scope VALUES('saml:manage','saml:manage',NULL);
INSERT INTO scope VALUES('saml:*','saml:*',NULL);
INSERT INTO scope VALUES('securityAudit:generate','securityAudit:generate',NULL);
INSERT INTO scope VALUES('securityAudit:*','securityAudit:*',NULL);
INSERT INTO scope VALUES('sourceControl:pull','sourceControl:pull',NULL);
INSERT INTO scope VALUES('sourceControl:push','sourceControl:push',NULL);
INSERT INTO scope VALUES('sourceControl:manage','sourceControl:manage',NULL);
INSERT INTO scope VALUES('sourceControl:*','sourceControl:*',NULL);
INSERT INTO scope VALUES('tag:create','tag:create',NULL);
INSERT INTO scope VALUES('tag:read','tag:read',NULL);
INSERT INTO scope VALUES('tag:update','tag:update',NULL);
INSERT INTO scope VALUES('tag:delete','tag:delete',NULL);
INSERT INTO scope VALUES('tag:list','tag:list',NULL);
INSERT INTO scope VALUES('tag:*','tag:*',NULL);
INSERT INTO scope VALUES('user:resetPassword','user:resetPassword',NULL);
INSERT INTO scope VALUES('user:changeRole','user:changeRole',NULL);
INSERT INTO scope VALUES('user:enforceMfa','user:enforceMfa',NULL);
INSERT INTO scope VALUES('user:create','user:create',NULL);
INSERT INTO scope VALUES('user:read','user:read',NULL);
INSERT INTO scope VALUES('user:update','user:update',NULL);
INSERT INTO scope VALUES('user:delete','user:delete',NULL);
INSERT INTO scope VALUES('user:list','user:list',NULL);
INSERT INTO scope VALUES('user:*','user:*',NULL);
INSERT INTO scope VALUES('variable:create','variable:create',NULL);
INSERT INTO scope VALUES('variable:read','variable:read',NULL);
INSERT INTO scope VALUES('variable:update','variable:update',NULL);
INSERT INTO scope VALUES('variable:delete','variable:delete',NULL);
INSERT INTO scope VALUES('variable:list','variable:list',NULL);
INSERT INTO scope VALUES('variable:*','variable:*',NULL);
INSERT INTO scope VALUES('projectVariable:create','projectVariable:create',NULL);
INSERT INTO scope VALUES('projectVariable:read','projectVariable:read',NULL);
INSERT INTO scope VALUES('projectVariable:update','projectVariable:update',NULL);
INSERT INTO scope VALUES('projectVariable:delete','projectVariable:delete',NULL);
INSERT INTO scope VALUES('projectVariable:list','projectVariable:list',NULL);
INSERT INTO scope VALUES('projectVariable:*','projectVariable:*',NULL);
INSERT INTO scope VALUES('workersView:manage','workersView:manage',NULL);
INSERT INTO scope VALUES('workersView:*','workersView:*',NULL);
INSERT INTO scope VALUES('workflow:share','workflow:share',NULL);
INSERT INTO scope VALUES('workflow:execute','workflow:execute',NULL);
INSERT INTO scope VALUES('workflow:move','workflow:move',NULL);
INSERT INTO scope VALUES('workflow:activate','workflow:activate',NULL);
INSERT INTO scope VALUES('workflow:deactivate','workflow:deactivate',NULL);
INSERT INTO scope VALUES('workflow:create','workflow:create',NULL);
INSERT INTO scope VALUES('workflow:read','workflow:read',NULL);
INSERT INTO scope VALUES('workflow:update','workflow:update',NULL);
INSERT INTO scope VALUES('workflow:delete','workflow:delete',NULL);
INSERT INTO scope VALUES('workflow:list','workflow:list',NULL);
INSERT INTO scope VALUES('workflow:*','workflow:*',NULL);
INSERT INTO scope VALUES('folder:create','folder:create',NULL);
INSERT INTO scope VALUES('folder:read','folder:read',NULL);
INSERT INTO scope VALUES('folder:update','folder:update',NULL);
INSERT INTO scope VALUES('folder:delete','folder:delete',NULL);
INSERT INTO scope VALUES('folder:list','folder:list',NULL);
INSERT INTO scope VALUES('folder:move','folder:move',NULL);
INSERT INTO scope VALUES('folder:*','folder:*',NULL);
INSERT INTO scope VALUES('insights:list','insights:list',NULL);
INSERT INTO scope VALUES('insights:*','insights:*',NULL);
INSERT INTO scope VALUES('oidc:manage','oidc:manage',NULL);
INSERT INTO scope VALUES('oidc:*','oidc:*',NULL);
INSERT INTO scope VALUES('dataStore:create','dataStore:create',NULL);
INSERT INTO scope VALUES('dataStore:read','dataStore:read',NULL);
INSERT INTO scope VALUES('dataStore:update','dataStore:update',NULL);
INSERT INTO scope VALUES('dataStore:delete','dataStore:delete',NULL);
INSERT INTO scope VALUES('dataStore:list','dataStore:list',NULL);
INSERT INTO scope VALUES('dataStore:readRow','dataStore:readRow',NULL);
INSERT INTO scope VALUES('dataStore:writeRow','dataStore:writeRow',NULL);
INSERT INTO scope VALUES('dataStore:listProject','dataStore:listProject',NULL);
INSERT INTO scope VALUES('dataStore:*','dataStore:*',NULL);
INSERT INTO scope VALUES('execution:delete','execution:delete',NULL);
INSERT INTO scope VALUES('execution:read','execution:read',NULL);
INSERT INTO scope VALUES('execution:retry','execution:retry',NULL);
INSERT INTO scope VALUES('execution:list','execution:list',NULL);
INSERT INTO scope VALUES('execution:get','execution:get',NULL);
INSERT INTO scope VALUES('execution:*','execution:*',NULL);
INSERT INTO scope VALUES('workflowTags:update','workflowTags:update',NULL);
INSERT INTO scope VALUES('workflowTags:list','workflowTags:list',NULL);
INSERT INTO scope VALUES('workflowTags:*','workflowTags:*',NULL);
INSERT INTO scope VALUES('role:manage','role:manage',NULL);
INSERT INTO scope VALUES('role:*','role:*',NULL);
INSERT INTO scope VALUES('mcp:manage','mcp:manage',NULL);
INSERT INTO scope VALUES('mcp:*','mcp:*',NULL);
INSERT INTO scope VALUES('mcpApiKey:create','mcpApiKey:create',NULL);
INSERT INTO scope VALUES('mcpApiKey:rotate','mcpApiKey:rotate',NULL);
INSERT INTO scope VALUES('mcpApiKey:*','mcpApiKey:*',NULL);
INSERT INTO scope VALUES('*','*',NULL);
CREATE TABLE role_scope (
						"roleSlug" VARCHAR(128) NOT NULL,
						"scopeSlug" VARCHAR(128) NOT NULL,
						CONSTRAINT "PK_role_scope" PRIMARY KEY ("roleSlug", "scopeSlug"),
						CONSTRAINT "FK_role" FOREIGN KEY ("roleSlug") REFERENCES role ("slug") ON DELETE CASCADE ON UPDATE CASCADE,
						CONSTRAINT "FK_scope" FOREIGN KEY ("scopeSlug") REFERENCES "scope" ("slug") ON DELETE CASCADE ON UPDATE CASCADE
					);
INSERT INTO role_scope VALUES('global:owner','annotationTag:create');
INSERT INTO role_scope VALUES('global:owner','annotationTag:delete');
INSERT INTO role_scope VALUES('global:owner','annotationTag:list');
INSERT INTO role_scope VALUES('global:owner','annotationTag:read');
INSERT INTO role_scope VALUES('global:owner','annotationTag:update');
INSERT INTO role_scope VALUES('global:owner','auditLogs:manage');
INSERT INTO role_scope VALUES('global:owner','banner:dismiss');
INSERT INTO role_scope VALUES('global:owner','community:register');
INSERT INTO role_scope VALUES('global:owner','communityPackage:install');
INSERT INTO role_scope VALUES('global:owner','communityPackage:list');
INSERT INTO role_scope VALUES('global:owner','communityPackage:uninstall');
INSERT INTO role_scope VALUES('global:owner','communityPackage:update');
INSERT INTO role_scope VALUES('global:owner','credential:create');
INSERT INTO role_scope VALUES('global:owner','credential:delete');
INSERT INTO role_scope VALUES('global:owner','credential:list');
INSERT INTO role_scope VALUES('global:owner','credential:move');
INSERT INTO role_scope VALUES('global:owner','credential:read');
INSERT INTO role_scope VALUES('global:owner','credential:share');
INSERT INTO role_scope VALUES('global:owner','credential:update');
INSERT INTO role_scope VALUES('global:owner','dataStore:list');
INSERT INTO role_scope VALUES('global:owner','eventBusDestination:create');
INSERT INTO role_scope VALUES('global:owner','eventBusDestination:delete');
INSERT INTO role_scope VALUES('global:owner','eventBusDestination:list');
INSERT INTO role_scope VALUES('global:owner','eventBusDestination:read');
INSERT INTO role_scope VALUES('global:owner','eventBusDestination:test');
INSERT INTO role_scope VALUES('global:owner','eventBusDestination:update');
INSERT INTO role_scope VALUES('global:owner','externalSecret:list');
INSERT INTO role_scope VALUES('global:owner','externalSecret:use');
INSERT INTO role_scope VALUES('global:owner','externalSecretsProvider:create');
INSERT INTO role_scope VALUES('global:owner','externalSecretsProvider:delete');
INSERT INTO role_scope VALUES('global:owner','externalSecretsProvider:list');
INSERT INTO role_scope VALUES('global:owner','externalSecretsProvider:read');
INSERT INTO role_scope VALUES('global:owner','externalSecretsProvider:sync');
INSERT INTO role_scope VALUES('global:owner','externalSecretsProvider:update');
INSERT INTO role_scope VALUES('global:owner','folder:create');
INSERT INTO role_scope VALUES('global:owner','folder:delete');
INSERT INTO role_scope VALUES('global:owner','folder:list');
INSERT INTO role_scope VALUES('global:owner','folder:move');
INSERT INTO role_scope VALUES('global:owner','folder:read');
INSERT INTO role_scope VALUES('global:owner','folder:update');
INSERT INTO role_scope VALUES('global:owner','insights:list');
INSERT INTO role_scope VALUES('global:owner','ldap:manage');
INSERT INTO role_scope VALUES('global:owner','ldap:sync');
INSERT INTO role_scope VALUES('global:owner','license:manage');
INSERT INTO role_scope VALUES('global:owner','logStreaming:manage');
INSERT INTO role_scope VALUES('global:owner','mcp:manage');
INSERT INTO role_scope VALUES('global:owner','mcpApiKey:create');
INSERT INTO role_scope VALUES('global:owner','mcpApiKey:rotate');
INSERT INTO role_scope VALUES('global:owner','oidc:manage');
INSERT INTO role_scope VALUES('global:owner','orchestration:read');
INSERT INTO role_scope VALUES('global:owner','project:create');
INSERT INTO role_scope VALUES('global:owner','project:delete');
INSERT INTO role_scope VALUES('global:owner','project:list');
INSERT INTO role_scope VALUES('global:owner','project:read');
INSERT INTO role_scope VALUES('global:owner','project:update');
INSERT INTO role_scope VALUES('global:owner','projectVariable:create');
INSERT INTO role_scope VALUES('global:owner','projectVariable:delete');
INSERT INTO role_scope VALUES('global:owner','projectVariable:list');
INSERT INTO role_scope VALUES('global:owner','projectVariable:read');
INSERT INTO role_scope VALUES('global:owner','projectVariable:update');
INSERT INTO role_scope VALUES('global:owner','role:manage');
INSERT INTO role_scope VALUES('global:owner','saml:manage');
INSERT INTO role_scope VALUES('global:owner','securityAudit:generate');
INSERT INTO role_scope VALUES('global:owner','sourceControl:manage');
INSERT INTO role_scope VALUES('global:owner','sourceControl:pull');
INSERT INTO role_scope VALUES('global:owner','sourceControl:push');
INSERT INTO role_scope VALUES('global:owner','tag:create');
INSERT INTO role_scope VALUES('global:owner','tag:delete');
INSERT INTO role_scope VALUES('global:owner','tag:list');
INSERT INTO role_scope VALUES('global:owner','tag:read');
INSERT INTO role_scope VALUES('global:owner','tag:update');
INSERT INTO role_scope VALUES('global:owner','user:changeRole');
INSERT INTO role_scope VALUES('global:owner','user:create');
INSERT INTO role_scope VALUES('global:owner','user:delete');
INSERT INTO role_scope VALUES('global:owner','user:enforceMfa');
INSERT INTO role_scope VALUES('global:owner','user:list');
INSERT INTO role_scope VALUES('global:owner','user:read');
INSERT INTO role_scope VALUES('global:owner','user:resetPassword');
INSERT INTO role_scope VALUES('global:owner','user:update');
INSERT INTO role_scope VALUES('global:owner','variable:create');
INSERT INTO role_scope VALUES('global:owner','variable:delete');
INSERT INTO role_scope VALUES('global:owner','variable:list');
INSERT INTO role_scope VALUES('global:owner','variable:read');
INSERT INTO role_scope VALUES('global:owner','variable:update');
INSERT INTO role_scope VALUES('global:owner','workersView:manage');
INSERT INTO role_scope VALUES('global:owner','workflow:create');
INSERT INTO role_scope VALUES('global:owner','workflow:delete');
INSERT INTO role_scope VALUES('global:owner','workflow:execute');
INSERT INTO role_scope VALUES('global:owner','workflow:list');
INSERT INTO role_scope VALUES('global:owner','workflow:move');
INSERT INTO role_scope VALUES('global:owner','workflow:read');
INSERT INTO role_scope VALUES('global:owner','workflow:share');
INSERT INTO role_scope VALUES('global:owner','workflow:update');
INSERT INTO role_scope VALUES('global:admin','annotationTag:create');
INSERT INTO role_scope VALUES('global:admin','annotationTag:delete');
INSERT INTO role_scope VALUES('global:admin','annotationTag:list');
INSERT INTO role_scope VALUES('global:admin','annotationTag:read');
INSERT INTO role_scope VALUES('global:admin','annotationTag:update');
INSERT INTO role_scope VALUES('global:admin','auditLogs:manage');
INSERT INTO role_scope VALUES('global:admin','banner:dismiss');
INSERT INTO role_scope VALUES('global:admin','community:register');
INSERT INTO role_scope VALUES('global:admin','communityPackage:install');
INSERT INTO role_scope VALUES('global:admin','communityPackage:list');
INSERT INTO role_scope VALUES('global:admin','communityPackage:uninstall');
INSERT INTO role_scope VALUES('global:admin','communityPackage:update');
INSERT INTO role_scope VALUES('global:admin','credential:create');
INSERT INTO role_scope VALUES('global:admin','credential:delete');
INSERT INTO role_scope VALUES('global:admin','credential:list');
INSERT INTO role_scope VALUES('global:admin','credential:move');
INSERT INTO role_scope VALUES('global:admin','credential:read');
INSERT INTO role_scope VALUES('global:admin','credential:share');
INSERT INTO role_scope VALUES('global:admin','credential:update');
INSERT INTO role_scope VALUES('global:admin','dataStore:list');
INSERT INTO role_scope VALUES('global:admin','eventBusDestination:create');
INSERT INTO role_scope VALUES('global:admin','eventBusDestination:delete');
INSERT INTO role_scope VALUES('global:admin','eventBusDestination:list');
INSERT INTO role_scope VALUES('global:admin','eventBusDestination:read');
INSERT INTO role_scope VALUES('global:admin','eventBusDestination:test');
INSERT INTO role_scope VALUES('global:admin','eventBusDestination:update');
INSERT INTO role_scope VALUES('global:admin','externalSecret:list');
INSERT INTO role_scope VALUES('global:admin','externalSecret:use');
INSERT INTO role_scope VALUES('global:admin','externalSecretsProvider:create');
INSERT INTO role_scope VALUES('global:admin','externalSecretsProvider:delete');
INSERT INTO role_scope VALUES('global:admin','externalSecretsProvider:list');
INSERT INTO role_scope VALUES('global:admin','externalSecretsProvider:read');
INSERT INTO role_scope VALUES('global:admin','externalSecretsProvider:sync');
INSERT INTO role_scope VALUES('global:admin','externalSecretsProvider:update');
INSERT INTO role_scope VALUES('global:admin','folder:create');
INSERT INTO role_scope VALUES('global:admin','folder:delete');
INSERT INTO role_scope VALUES('global:admin','folder:list');
INSERT INTO role_scope VALUES('global:admin','folder:move');
INSERT INTO role_scope VALUES('global:admin','folder:read');
INSERT INTO role_scope VALUES('global:admin','folder:update');
INSERT INTO role_scope VALUES('global:admin','insights:list');
INSERT INTO role_scope VALUES('global:admin','ldap:manage');
INSERT INTO role_scope VALUES('global:admin','ldap:sync');
INSERT INTO role_scope VALUES('global:admin','license:manage');
INSERT INTO role_scope VALUES('global:admin','logStreaming:manage');
INSERT INTO role_scope VALUES('global:admin','mcp:manage');
INSERT INTO role_scope VALUES('global:admin','mcpApiKey:create');
INSERT INTO role_scope VALUES('global:admin','mcpApiKey:rotate');
INSERT INTO role_scope VALUES('global:admin','oidc:manage');
INSERT INTO role_scope VALUES('global:admin','orchestration:read');
INSERT INTO role_scope VALUES('global:admin','project:create');
INSERT INTO role_scope VALUES('global:admin','project:delete');
INSERT INTO role_scope VALUES('global:admin','project:list');
INSERT INTO role_scope VALUES('global:admin','project:read');
INSERT INTO role_scope VALUES('global:admin','project:update');
INSERT INTO role_scope VALUES('global:admin','projectVariable:create');
INSERT INTO role_scope VALUES('global:admin','projectVariable:delete');
INSERT INTO role_scope VALUES('global:admin','projectVariable:list');
INSERT INTO role_scope VALUES('global:admin','projectVariable:read');
INSERT INTO role_scope VALUES('global:admin','projectVariable:update');
INSERT INTO role_scope VALUES('global:admin','role:manage');
INSERT INTO role_scope VALUES('global:admin','saml:manage');
INSERT INTO role_scope VALUES('global:admin','securityAudit:generate');
INSERT INTO role_scope VALUES('global:admin','sourceControl:manage');
INSERT INTO role_scope VALUES('global:admin','sourceControl:pull');
INSERT INTO role_scope VALUES('global:admin','sourceControl:push');
INSERT INTO role_scope VALUES('global:admin','tag:create');
INSERT INTO role_scope VALUES('global:admin','tag:delete');
INSERT INTO role_scope VALUES('global:admin','tag:list');
INSERT INTO role_scope VALUES('global:admin','tag:read');
INSERT INTO role_scope VALUES('global:admin','tag:update');
INSERT INTO role_scope VALUES('global:admin','user:changeRole');
INSERT INTO role_scope VALUES('global:admin','user:create');
INSERT INTO role_scope VALUES('global:admin','user:delete');
INSERT INTO role_scope VALUES('global:admin','user:enforceMfa');
INSERT INTO role_scope VALUES('global:admin','user:list');
INSERT INTO role_scope VALUES('global:admin','user:read');
INSERT INTO role_scope VALUES('global:admin','user:resetPassword');
INSERT INTO role_scope VALUES('global:admin','user:update');
INSERT INTO role_scope VALUES('global:admin','variable:create');
INSERT INTO role_scope VALUES('global:admin','variable:delete');
INSERT INTO role_scope VALUES('global:admin','variable:list');
INSERT INTO role_scope VALUES('global:admin','variable:read');
INSERT INTO role_scope VALUES('global:admin','variable:update');
INSERT INTO role_scope VALUES('global:admin','workersView:manage');
INSERT INTO role_scope VALUES('global:admin','workflow:create');
INSERT INTO role_scope VALUES('global:admin','workflow:delete');
INSERT INTO role_scope VALUES('global:admin','workflow:execute');
INSERT INTO role_scope VALUES('global:admin','workflow:list');
INSERT INTO role_scope VALUES('global:admin','workflow:move');
INSERT INTO role_scope VALUES('global:admin','workflow:read');
INSERT INTO role_scope VALUES('global:admin','workflow:share');
INSERT INTO role_scope VALUES('global:admin','workflow:update');
INSERT INTO role_scope VALUES('global:member','annotationTag:create');
INSERT INTO role_scope VALUES('global:member','annotationTag:delete');
INSERT INTO role_scope VALUES('global:member','annotationTag:list');
INSERT INTO role_scope VALUES('global:member','annotationTag:read');
INSERT INTO role_scope VALUES('global:member','annotationTag:update');
INSERT INTO role_scope VALUES('global:member','dataStore:list');
INSERT INTO role_scope VALUES('global:member','eventBusDestination:list');
INSERT INTO role_scope VALUES('global:member','eventBusDestination:test');
INSERT INTO role_scope VALUES('global:member','mcpApiKey:create');
INSERT INTO role_scope VALUES('global:member','mcpApiKey:rotate');
INSERT INTO role_scope VALUES('global:member','tag:create');
INSERT INTO role_scope VALUES('global:member','tag:list');
INSERT INTO role_scope VALUES('global:member','tag:read');
INSERT INTO role_scope VALUES('global:member','tag:update');
INSERT INTO role_scope VALUES('global:member','user:list');
INSERT INTO role_scope VALUES('global:member','variable:list');
INSERT INTO role_scope VALUES('global:member','variable:read');
INSERT INTO role_scope VALUES('project:admin','credential:create');
INSERT INTO role_scope VALUES('project:admin','credential:delete');
INSERT INTO role_scope VALUES('project:admin','credential:list');
INSERT INTO role_scope VALUES('project:admin','credential:move');
INSERT INTO role_scope VALUES('project:admin','credential:read');
INSERT INTO role_scope VALUES('project:admin','credential:share');
INSERT INTO role_scope VALUES('project:admin','credential:update');
INSERT INTO role_scope VALUES('project:admin','dataStore:create');
INSERT INTO role_scope VALUES('project:admin','dataStore:delete');
INSERT INTO role_scope VALUES('project:admin','dataStore:listProject');
INSERT INTO role_scope VALUES('project:admin','dataStore:read');
INSERT INTO role_scope VALUES('project:admin','dataStore:readRow');
INSERT INTO role_scope VALUES('project:admin','dataStore:update');
INSERT INTO role_scope VALUES('project:admin','dataStore:writeRow');
INSERT INTO role_scope VALUES('project:admin','folder:create');
INSERT INTO role_scope VALUES('project:admin','folder:delete');
INSERT INTO role_scope VALUES('project:admin','folder:list');
INSERT INTO role_scope VALUES('project:admin','folder:move');
INSERT INTO role_scope VALUES('project:admin','folder:read');
INSERT INTO role_scope VALUES('project:admin','folder:update');
INSERT INTO role_scope VALUES('project:admin','project:delete');
INSERT INTO role_scope VALUES('project:admin','project:list');
INSERT INTO role_scope VALUES('project:admin','project:read');
INSERT INTO role_scope VALUES('project:admin','project:update');
INSERT INTO role_scope VALUES('project:admin','projectVariable:create');
INSERT INTO role_scope VALUES('project:admin','projectVariable:delete');
INSERT INTO role_scope VALUES('project:admin','projectVariable:list');
INSERT INTO role_scope VALUES('project:admin','projectVariable:read');
INSERT INTO role_scope VALUES('project:admin','projectVariable:update');
INSERT INTO role_scope VALUES('project:admin','sourceControl:push');
INSERT INTO role_scope VALUES('project:admin','workflow:create');
INSERT INTO role_scope VALUES('project:admin','workflow:delete');
INSERT INTO role_scope VALUES('project:admin','workflow:execute');
INSERT INTO role_scope VALUES('project:admin','workflow:list');
INSERT INTO role_scope VALUES('project:admin','workflow:move');
INSERT INTO role_scope VALUES('project:admin','workflow:read');
INSERT INTO role_scope VALUES('project:admin','workflow:update');
INSERT INTO role_scope VALUES('project:personalOwner','credential:create');
INSERT INTO role_scope VALUES('project:personalOwner','credential:delete');
INSERT INTO role_scope VALUES('project:personalOwner','credential:list');
INSERT INTO role_scope VALUES('project:personalOwner','credential:move');
INSERT INTO role_scope VALUES('project:personalOwner','credential:read');
INSERT INTO role_scope VALUES('project:personalOwner','credential:share');
INSERT INTO role_scope VALUES('project:personalOwner','credential:update');
INSERT INTO role_scope VALUES('project:personalOwner','dataStore:create');
INSERT INTO role_scope VALUES('project:personalOwner','dataStore:delete');
INSERT INTO role_scope VALUES('project:personalOwner','dataStore:listProject');
INSERT INTO role_scope VALUES('project:personalOwner','dataStore:read');
INSERT INTO role_scope VALUES('project:personalOwner','dataStore:readRow');
INSERT INTO role_scope VALUES('project:personalOwner','dataStore:update');
INSERT INTO role_scope VALUES('project:personalOwner','dataStore:writeRow');
INSERT INTO role_scope VALUES('project:personalOwner','folder:create');
INSERT INTO role_scope VALUES('project:personalOwner','folder:delete');
INSERT INTO role_scope VALUES('project:personalOwner','folder:list');
INSERT INTO role_scope VALUES('project:personalOwner','folder:move');
INSERT INTO role_scope VALUES('project:personalOwner','folder:read');
INSERT INTO role_scope VALUES('project:personalOwner','folder:update');
INSERT INTO role_scope VALUES('project:personalOwner','project:list');
INSERT INTO role_scope VALUES('project:personalOwner','project:read');
INSERT INTO role_scope VALUES('project:personalOwner','workflow:create');
INSERT INTO role_scope VALUES('project:personalOwner','workflow:delete');
INSERT INTO role_scope VALUES('project:personalOwner','workflow:execute');
INSERT INTO role_scope VALUES('project:personalOwner','workflow:list');
INSERT INTO role_scope VALUES('project:personalOwner','workflow:move');
INSERT INTO role_scope VALUES('project:personalOwner','workflow:read');
INSERT INTO role_scope VALUES('project:personalOwner','workflow:share');
INSERT INTO role_scope VALUES('project:personalOwner','workflow:update');
INSERT INTO role_scope VALUES('project:editor','credential:create');
INSERT INTO role_scope VALUES('project:editor','credential:delete');
INSERT INTO role_scope VALUES('project:editor','credential:list');
INSERT INTO role_scope VALUES('project:editor','credential:read');
INSERT INTO role_scope VALUES('project:editor','credential:update');
INSERT INTO role_scope VALUES('project:editor','dataStore:create');
INSERT INTO role_scope VALUES('project:editor','dataStore:delete');
INSERT INTO role_scope VALUES('project:editor','dataStore:listProject');
INSERT INTO role_scope VALUES('project:editor','dataStore:read');
INSERT INTO role_scope VALUES('project:editor','dataStore:readRow');
INSERT INTO role_scope VALUES('project:editor','dataStore:update');
INSERT INTO role_scope VALUES('project:editor','dataStore:writeRow');
INSERT INTO role_scope VALUES('project:editor','folder:create');
INSERT INTO role_scope VALUES('project:editor','folder:delete');
INSERT INTO role_scope VALUES('project:editor','folder:list');
INSERT INTO role_scope VALUES('project:editor','folder:read');
INSERT INTO role_scope VALUES('project:editor','folder:update');
INSERT INTO role_scope VALUES('project:editor','project:list');
INSERT INTO role_scope VALUES('project:editor','project:read');
INSERT INTO role_scope VALUES('project:editor','projectVariable:create');
INSERT INTO role_scope VALUES('project:editor','projectVariable:delete');
INSERT INTO role_scope VALUES('project:editor','projectVariable:list');
INSERT INTO role_scope VALUES('project:editor','projectVariable:read');
INSERT INTO role_scope VALUES('project:editor','projectVariable:update');
INSERT INTO role_scope VALUES('project:editor','workflow:create');
INSERT INTO role_scope VALUES('project:editor','workflow:delete');
INSERT INTO role_scope VALUES('project:editor','workflow:execute');
INSERT INTO role_scope VALUES('project:editor','workflow:list');
INSERT INTO role_scope VALUES('project:editor','workflow:read');
INSERT INTO role_scope VALUES('project:editor','workflow:update');
INSERT INTO role_scope VALUES('project:viewer','credential:list');
INSERT INTO role_scope VALUES('project:viewer','credential:read');
INSERT INTO role_scope VALUES('project:viewer','dataStore:listProject');
INSERT INTO role_scope VALUES('project:viewer','dataStore:read');
INSERT INTO role_scope VALUES('project:viewer','dataStore:readRow');
INSERT INTO role_scope VALUES('project:viewer','folder:list');
INSERT INTO role_scope VALUES('project:viewer','folder:read');
INSERT INTO role_scope VALUES('project:viewer','project:list');
INSERT INTO role_scope VALUES('project:viewer','project:read');
INSERT INTO role_scope VALUES('project:viewer','projectVariable:list');
INSERT INTO role_scope VALUES('project:viewer','projectVariable:read');
INSERT INTO role_scope VALUES('project:viewer','workflow:list');
INSERT INTO role_scope VALUES('project:viewer','workflow:read');
INSERT INTO role_scope VALUES('credential:owner','credential:delete');
INSERT INTO role_scope VALUES('credential:owner','credential:move');
INSERT INTO role_scope VALUES('credential:owner','credential:read');
INSERT INTO role_scope VALUES('credential:owner','credential:share');
INSERT INTO role_scope VALUES('credential:owner','credential:update');
INSERT INTO role_scope VALUES('credential:user','credential:read');
INSERT INTO role_scope VALUES('workflow:owner','workflow:delete');
INSERT INTO role_scope VALUES('workflow:owner','workflow:execute');
INSERT INTO role_scope VALUES('workflow:owner','workflow:move');
INSERT INTO role_scope VALUES('workflow:owner','workflow:read');
INSERT INTO role_scope VALUES('workflow:owner','workflow:share');
INSERT INTO role_scope VALUES('workflow:owner','workflow:update');
INSERT INTO role_scope VALUES('workflow:editor','workflow:execute');
INSERT INTO role_scope VALUES('workflow:editor','workflow:read');
INSERT INTO role_scope VALUES('workflow:editor','workflow:update');
CREATE TABLE IF NOT EXISTS "user" ("id" varchar PRIMARY KEY, "email" varchar(255), "firstName" varchar(32), "lastName" varchar(32), "password" varchar, "personalizationAnswers" text, "createdAt" datetime(3) NOT NULL DEFAULT (STRFTIME('%Y-%m-%d %H:%M:%f', 'NOW')), "updatedAt" datetime(3) NOT NULL DEFAULT (STRFTIME('%Y-%m-%d %H:%M:%f', 'NOW')), "settings" text, "disabled" boolean NOT NULL DEFAULT (FALSE), "mfaEnabled" boolean NOT NULL DEFAULT (FALSE), "mfaSecret" text, "mfaRecoveryCodes" text, "lastActiveAt" date, "roleSlug" varchar(128) NOT NULL DEFAULT ('global:member'), CONSTRAINT "UQ_e12875dfb3b1d92d7d7c5377e22" UNIQUE ("email"), CONSTRAINT "FK_eaea92ee7bfb9c1b6cd01505d56" FOREIGN KEY ("roleSlug") REFERENCES "role" ("slug"));
INSERT INTO user VALUES('650cb67f-a9fc-4270-b9d6-a2987ee1a987','philipe_cruz@outlook.com','philipe','cruz','$2a$10$/MkOo1ABeEYpA4sIVkcXCOjtP15dUgA1S1K26eyCkUyuQDBqd3EqW','{"version":"v4","personalization_survey_submitted_at":"2025-10-19T01:43:21.276Z","personalization_survey_n8n_version":"1.115.3"}','2025-10-19 01:26:01.792','2025-10-19 02:00:44','{"userActivated":false}',0,0,NULL,NULL,'2025-10-18','global:owner');
CREATE TABLE IF NOT EXISTS "test_case_execution" ("id" varchar(36) PRIMARY KEY NOT NULL, "testRunId" varchar(36) NOT NULL, "pastExecutionId" integer, "executionId" integer, "evaluationExecutionId" integer, "status" varchar NOT NULL, "runAt" datetime(3), "completedAt" datetime(3), "errorCode" varchar, "errorDetails" text, "metrics" text, "createdAt" datetime(3) NOT NULL DEFAULT (STRFTIME('%Y-%m-%d %H:%M:%f', 'NOW')), "updatedAt" datetime(3) NOT NULL DEFAULT (STRFTIME('%Y-%m-%d %H:%M:%f', 'NOW')), "inputs" text, "outputs" text, CONSTRAINT "FK_dfbe194e3ebdfe49a87bc4692ca" FOREIGN KEY ("evaluationExecutionId") REFERENCES "execution_entity" ("id") ON DELETE SET NULL ON UPDATE NO ACTION, CONSTRAINT "FK_e48965fac35d0f5b9e7f51d8c44" FOREIGN KEY ("executionId") REFERENCES "execution_entity" ("id") ON DELETE SET NULL ON UPDATE NO ACTION, CONSTRAINT "FK_258d954733841d51edd826a562b" FOREIGN KEY ("pastExecutionId") REFERENCES "execution_entity" ("id") ON DELETE SET NULL ON UPDATE NO ACTION, CONSTRAINT "FK_8e4b4774db42f1e6dda3452b2af" FOREIGN KEY ("testRunId") REFERENCES "test_run" ("id") ON DELETE CASCADE ON UPDATE NO ACTION);
CREATE TABLE IF NOT EXISTS "project_relation" ("projectId" varchar(36) NOT NULL, "userId" varchar NOT NULL, "role" varchar NOT NULL, "createdAt" datetime(3) NOT NULL DEFAULT (STRFTIME('%Y-%m-%d %H:%M:%f', 'NOW')), "updatedAt" datetime(3) NOT NULL DEFAULT (STRFTIME('%Y-%m-%d %H:%M:%f', 'NOW')), CONSTRAINT "FK_5f0643f6717905a05164090dde7" FOREIGN KEY ("userId") REFERENCES "user" ("id") ON DELETE CASCADE ON UPDATE NO ACTION, CONSTRAINT "FK_61448d56d61802b5dfde5cdb002" FOREIGN KEY ("projectId") REFERENCES "project" ("id") ON DELETE CASCADE ON UPDATE NO ACTION, CONSTRAINT "FK_c6b99592dc96b0d836d7a21db91" FOREIGN KEY ("role") REFERENCES "role" ("slug"), PRIMARY KEY ("projectId", "userId"));
INSERT INTO project_relation VALUES('UWMtTu4KEri8APfU','650cb67f-a9fc-4270-b9d6-a2987ee1a987','project:personalOwner','2025-10-19 01:26:02.308','2025-10-19 01:26:02.308');
CREATE TABLE IF NOT EXISTS "data_table" ("id" varchar(36) PRIMARY KEY NOT NULL, "name" varchar(128) NOT NULL, "projectId" varchar(36) NOT NULL, "createdAt" datetime(3) NOT NULL DEFAULT (STRFTIME('%Y-%m-%d %H:%M:%f', 'NOW')), "updatedAt" datetime(3) NOT NULL DEFAULT (STRFTIME('%Y-%m-%d %H:%M:%f', 'NOW')), CONSTRAINT "UQ_b23096ef747281ac944d28e8b0d" UNIQUE ("projectId", "name"), CONSTRAINT "FK_c2a794257dee48af7c9abf681de" FOREIGN KEY ("projectId") REFERENCES "project" ("id") ON DELETE CASCADE);
CREATE TABLE IF NOT EXISTS "data_table_column" ("id" varchar(36) PRIMARY KEY NOT NULL, "name" varchar(128) NOT NULL, "type" varchar(32) NOT NULL, "index" integer NOT NULL, "dataTableId" varchar(36) NOT NULL, "createdAt" datetime(3) NOT NULL DEFAULT (STRFTIME('%Y-%m-%d %H:%M:%f', 'NOW')), "updatedAt" datetime(3) NOT NULL DEFAULT (STRFTIME('%Y-%m-%d %H:%M:%f', 'NOW')), CONSTRAINT "UQ_8082ec4890f892f0bc77473a123" UNIQUE ("dataTableId", "name"), CONSTRAINT "FK_930b6e8faaf88294cef23484160" FOREIGN KEY ("dataTableId") REFERENCES "data_table" ("id") ON DELETE CASCADE);
CREATE TABLE IF NOT EXISTS "role" ("slug" varchar(128) PRIMARY KEY NOT NULL, "displayName" text, "description" text, "roleType" text, "systemRole" boolean NOT NULL DEFAULT (false), "createdAt" datetime(3) NOT NULL DEFAULT (STRFTIME('%Y-%m-%d %H:%M:%f', 'NOW')), "updatedAt" datetime(3) NOT NULL DEFAULT (STRFTIME('%Y-%m-%d %H:%M:%f', 'NOW')));
INSERT INTO role VALUES('global:owner','Owner','Owner','global',1,'2025-10-19 01:26:02.792','2025-10-19 01:26:02.865');
INSERT INTO role VALUES('global:admin','Admin','Admin','global',1,'2025-10-19 01:26:02.792','2025-10-19 01:26:02.865');
INSERT INTO role VALUES('global:member','Member','Member','global',1,'2025-10-19 01:26:02.792','2025-10-19 01:26:02.865');
INSERT INTO role VALUES('project:personalOwner','Project Owner','Project Owner','project',1,'2025-10-19 01:26:02.792','2025-10-19 01:26:02.891');
INSERT INTO role VALUES('project:admin','Project Admin','Project Admin','project',1,'2025-10-19 01:26:02.792','2025-10-19 01:26:02.891');
INSERT INTO role VALUES('project:editor','Project Editor','Project Editor','project',1,'2025-10-19 01:26:02.792','2025-10-19 01:26:02.891');
INSERT INTO role VALUES('project:viewer','Project Viewer','Project Viewer','project',1,'2025-10-19 01:26:02.792','2025-10-19 01:26:02.891');
INSERT INTO role VALUES('credential:owner','Credential Owner','Credential Owner','credential',1,'2025-10-19 01:26:02.902','2025-10-19 01:26:02.902');
INSERT INTO role VALUES('credential:user','Credential User','Credential User','credential',1,'2025-10-19 01:26:02.904','2025-10-19 01:26:02.904');
INSERT INTO role VALUES('workflow:owner','Workflow Owner','Workflow Owner','workflow',1,'2025-10-19 01:26:02.910','2025-10-19 01:26:02.910');
INSERT INTO role VALUES('workflow:editor','Workflow Editor','Workflow Editor','workflow',1,'2025-10-19 01:26:02.911','2025-10-19 01:26:02.911');
CREATE TABLE IF NOT EXISTS "user_api_keys" ("id" varchar(36) PRIMARY KEY NOT NULL, "userId" varchar NOT NULL, "label" varchar(100) NOT NULL, "apiKey" varchar NOT NULL, "createdAt" datetime(3) NOT NULL DEFAULT (STRFTIME('%Y-%m-%d %H:%M:%f', 'NOW')), "updatedAt" datetime(3) NOT NULL DEFAULT (STRFTIME('%Y-%m-%d %H:%M:%f', 'NOW')), "scopes" text, "audience" varchar NOT NULL DEFAULT ('public-api'), CONSTRAINT "UQ_63d7bbae72c767cf162d459fccd" UNIQUE ("userId", "label"), CONSTRAINT "UQ_1ef35bac35d20bdae979d917a36" UNIQUE ("apiKey"), CONSTRAINT "FK_e131705cbbc8fb589889b02d457" FOREIGN KEY ("userId") REFERENCES "user" ("id") ON DELETE CASCADE ON UPDATE NO ACTION);
CREATE TABLE IF NOT EXISTS "variables" ("id" varchar(36) PRIMARY KEY NOT NULL, "key" text NOT NULL, "type" text NOT NULL DEFAULT ('string'), "value" text, "projectId" varchar(36), CONSTRAINT "FK_a0f13eaa709a21b77a3a9721319" FOREIGN KEY ("projectId") REFERENCES "project" ("id") ON DELETE CASCADE);
DELETE FROM sqlite_sequence;
INSERT INTO sqlite_sequence VALUES('migrations',98);
INSERT INTO sqlite_sequence VALUES('execution_metadata',0);
INSERT INTO sqlite_sequence VALUES('execution_entity',3);
CREATE INDEX "idx_workflows_tags_tag_id" ON "workflows_tags" ("tagId");
CREATE INDEX "idx_workflows_tags_workflow_id" ON "workflows_tags" ("workflowId");
CREATE INDEX "idx_webhook_entity_webhook_path_method" ON "webhook_entity" ("webhookId","method","pathLength");
CREATE UNIQUE INDEX "IDX_8f949d7a3a984759044054e89b" ON "tag_entity" ("name") ;
CREATE INDEX "IDX_1e31657f5fe46816c34be7c1b4" ON "workflow_history" ("workflowId") ;
CREATE INDEX "idx_credentials_entity_type" ON "credentials_entity" ("type") ;
CREATE UNIQUE INDEX "IDX_cec8eea3bf49551482ccb4933e" ON "execution_metadata" ("executionId", "key") ;
CREATE UNIQUE INDEX "IDX_97f863fa83c4786f1956508496" ON "execution_annotations" ("executionId") ;
CREATE UNIQUE INDEX "IDX_ae51b54c4bb430cf92f48b623f" ON "annotation_tag_entity" ("name") ;
CREATE INDEX "IDX_a3697779b366e131b2bbdae297" ON "execution_annotation_tags" ("tagId") ;
CREATE INDEX "IDX_c1519757391996eb06064f0e7c" ON "execution_annotation_tags" ("annotationId") ;
CREATE INDEX "IDX_execution_entity_stoppedAt" ON "execution_entity" ("stoppedAt") ;
CREATE INDEX "IDX_execution_entity_deletedAt" ON "execution_entity" ("deletedAt") ;
CREATE UNIQUE INDEX "IDX_14f68deffaf858465715995508" ON "folder" ("projectId", "id") ;
CREATE INDEX "IDX_e10425f6ab9964c4c1623a4a03" ON "workflow_entity" ("name") ;
CREATE UNIQUE INDEX "IDX_1d8ab99d5861c9388d2dc1cf73" ON "insights_metadata" ("workflowId") ;
CREATE UNIQUE INDEX "IDX_60b6a84299eeb3f671dfec7693" ON "insights_by_period" ("periodStart", "type", "periodUnit", "metaId") ;
CREATE INDEX "IDX_d6870d3b6e4c185d33926f423c" ON "test_run" ("workflowId") ;
CREATE INDEX "IDX_role_scope_scopeSlug" ON "role_scope" ("scopeSlug") ;
CREATE INDEX "IDX_8e4b4774db42f1e6dda3452b2a" ON "test_case_execution" ("testRunId") ;
CREATE INDEX "IDX_5f0643f6717905a05164090dde" ON "project_relation" ("userId") ;
CREATE INDEX "IDX_61448d56d61802b5dfde5cdb00" ON "project_relation" ("projectId") ;
CREATE INDEX "project_relation_role_idx" ON "project_relation" ("role") ;
CREATE INDEX "project_relation_role_project_idx" ON "project_relation" ("projectId", "role") ;
CREATE INDEX "user_role_idx" ON "user" ("roleSlug") ;
CREATE UNIQUE INDEX "variables_project_key_unique" ON "variables" ("projectId", "key") ;
CREATE UNIQUE INDEX "variables_global_key_unique"
			 ON "variables" ("key")
			 WHERE projectId IS NULL;
COMMIT;
